,t,x,y,energy
0,929.92,1.1805168829158703,0.24881563740133505,49.640623831450156
1,930.28,1.160171087180123,0.2330174806259305,49.24857710212305
2,930.61,1.1415207744223546,0.21853583691514303,48.88920093357321
3,930.94,1.1228704616645862,0.20405419320435553,48.52982476502336
4,931.3,1.1025246659288388,0.188256036428951,48.13777803569626
5,931.63,1.0838743531710704,0.17377439271816347,47.778401867146414
6,931.95,1.0657892014059618,0.15973158669558168,47.42991588552232
7,932.26,1.0481614287022905,0.17325700865446375,47.09232009082398
8,932.54,1.0322395694860713,0.1854735188108734,46.7873948569029
9,932.85,1.0146117967824,0.1989989407697555,46.44979906220456
10,933.21,0.9941408349329753,0.214705882399425,46.057752332877456
11,933.82,0.9594539273547834,0.2413204223830317,45.39345093040653
12,934.36,0.9287474845806462,0.2648808348275359,49.80538083641588
13,934.69,0.9199111865622692,0.28389279504784215,49.446004667866035
14,935.05,0.9102715887240398,0.30463311528817616,49.05395793853893
15,935.41,0.9006319908858103,0.3253734355285102,53.66191120921182
16,935.73,0.8919777396946227,0.3438207235768615,53.313220080343115
17,936.02,0.8845229281607826,0.3606843744794105,52.99693806032844
18,936.31,0.8774198319196824,0.3776648158205136,52.68046302419794
19,936.6,0.8701687241423225,0.3946598500071661,52.363684354829175
20,936.89,0.8628755281627252,0.4116118130256935,52.0471063206227
21,937.16,0.8482963552052818,0.42408070593478797,56.75236125429254
22,937.44,0.8326724248124875,0.43663082074723747,56.4468800415639
23,937.72,0.8170737986608759,0.44911122875215226,56.141807590602
24,938.0,0.8018172960389982,0.4617662707029454,55.83702517504775
25,938.29,0.7861320403102426,0.4749919530322173,55.52116436468846
26,938.57,0.7708719559254529,0.48774392905734165,55.2159095101296
27,938.85,0.7558294306578079,0.5006024397316298,54.91083781605796
28,939.13,0.7407140199833432,0.5134608460246275,54.60553557473745
29,939.41,0.7257974182182653,0.526372432221503,54.30060507651932
30,939.69,0.7114401165354931,0.5395650209776568,53.996026236873476
31,939.96,0.697501148099709,0.55224862383089,53.70222492786384
32,940.24,0.6835963997652995,0.5657071917975395,53.397665965422874
33,940.51,0.6705371403205755,0.5789346333859771,53.1037222955549
34,940.79,0.6573800968486319,0.592906123520061,52.79865934865202
35,941.08,0.6772589603785723,0.5833371929678102,52.48270129650261
36,941.38,0.6974718254091109,0.573020731743683,52.15578191174174
37,941.67,0.7173189758543946,0.5635037943588593,51.84013152787328
38,941.96,0.7374817293290751,0.5544158767116929,51.52464046669846
39,942.24,0.7569897452173833,0.545771714855768,51.220288422934516
40,942.51,0.775916174878384,0.5374741989307947,50.926452636771984
41,942.79,0.7955616784685859,0.5288708002089716,50.62166367342912
42,943.06,0.8145810545269799,0.5205505939152237,50.327369390173
43,943.34,0.834643312829817,0.5122981416909194,50.021945915418044
44,943.63,0.8554145661847089,0.5036315598739681,49.70527654689267
45,943.91,0.8752776232654144,0.49506923164287564,49.39971576170016
46,944.2,0.8959558374588963,0.48624289056316555,49.08293418312851
47,944.47,0.9150906861645615,0.47784203184262386,48.7879009246644
48,944.74,0.9342406649216886,0.46951477956491444,48.49304205082134
49,945.02,0.9539328187938174,0.4605862666780697,48.186997687950644
50,945.29,0.9729491632031365,0.45192319991411417,47.89159345150167
51,945.56,0.9920694321608501,0.44338186082276254,47.596163306792995
52,945.84,1.0117150076886408,0.4342618387537455,47.28967006626926
53,946.11,1.026108550749471,0.44701607595749904,46.99412301290708
54,946.39,1.0410351879977393,0.4602426923169471,46.687629772383346
55,946.67,1.0559618252460077,0.47346930867639514,51.38113653185961
56,946.94,1.0700171895980106,0.4864529597947415,51.08549512158188
57,947.22,1.084566462075614,0.4999379895438181,50.77888267425649
58,947.5,1.099431846259178,0.5131857651319095,50.47247557856389
59,947.76,1.1131458958896439,0.5256162692046751,50.18759613928004
60,948.04,1.1276787064089084,0.5390620031987337,49.881228858315446
61,948.32,1.142544143595725,0.5522406716623594,49.57515962831992
62,948.59,1.1564627936661416,0.5651371967800165,49.28036462318574
63,948.86,1.1699848544035327,0.5783365418620275,48.985226711563406
64,949.13,1.1515983642256782,0.5690138165388174,48.69008879994107
65,949.4,1.1330289266362832,0.559894877704675,48.39494225776152
66,949.67,1.1146641782916507,0.5505456765255768,48.09979571558197
67,949.94,1.0965495452313867,0.5408614254162847,47.80441014079921
68,950.21,1.0786557702998634,0.5308643206318744,47.50870207244138
69,950.47,1.0614934464946577,0.5211543570555335,47.22389099310698
70,950.74,1.0436407127981453,0.5110171865965599,46.92780213842422
71,951.06,1.0171676842228514,0.5124181394559245,46.57688201435577
72,951.35,0.9931765020764913,0.5136877529847237,46.25886065191873
73,951.66,0.9675307556441753,0.5150449260672331,45.918906781727415
74,951.96,0.9426734528074603,0.5160333126906123,45.589861360825914
75,952.24,0.9194657910936892,0.5167227489570669,45.28278528339677
76,952.51,0.8971723871910012,0.5173614882710297,44.987092367603815
77,952.78,0.8750018388026966,0.518506645913974,44.691815138954915
78,953.06,0.8520099588162152,0.51971720413566,44.38559055272729
79,953.34,0.8290695455942688,0.5212723758931144,44.07943570998019
80,953.64,0.8045682565249217,0.52299180459126,43.75175300716446
81,953.94,0.7801142000263753,0.5249418270674948,43.424149134807045
82,954.22,0.8023527726349301,0.520681989116081,43.118385520606786
83,954.51,0.8252039703908088,0.5158715345894883,42.80188362037771
84,954.8,0.8482170142492405,0.5115166449147075,42.48538172014863
85,955.08,0.8704365048711745,0.5073119238494017,42.179793678548144
86,955.36,0.8926559954931086,0.503107202784096,41.87420563694766
87,955.65,0.9156690393515403,0.49875231310931517,41.55770373671858
88,955.94,0.938682083209972,0.4943974234345343,41.2412018364895
89,956.22,0.9609015738319061,0.49019270236922863,40.935613794889015
90,956.51,0.9839146176903378,0.48583781269444765,40.61911189465994
91,956.8,1.0068054053696505,0.48125637381587494,40.302813718539916
92,957.08,1.027640983679959,0.47417538382006363,39.99742237607921
93,957.36,1.0485930206317653,0.46723629813537065,39.691891619853735
94,957.65,1.0702715681453248,0.45999039858573576,39.3753915055085
95,957.92,1.09008869404133,0.45280060070146766,39.081117642508325
96,958.2,1.06733539020712,0.45140410627505434,38.77594474754518
97,958.48,1.0445820863729103,0.450007611848641,38.47077185258204
98,958.77,1.0210161645446216,0.44856124262128444,43.154699925655926
99,959.06,0.9974346295592235,0.4474353406425564,42.838702054121754
100,959.35,0.973837649586237,0.445937387398972,42.52245417664238
101,959.64,0.9502350659967294,0.44493465154102435,42.206402783889324
102,959.92,0.9274926956117678,0.4436049230861746,41.90131623429428
103,960.22,0.9031342278243437,0.44222440548732844,41.574499434033555
104,960.51,0.8796349238685491,0.44105048838152605,41.258875464250785
105,960.79,0.857017216908577,0.4394386488831789,40.95422952450639
106,961.08,0.8335970858318128,0.4382318654621942,40.63897051952324
107,961.36,0.8109711158051252,0.4373091170988747,40.33461346924576
108,961.65,0.7874981358061225,0.4366791238837564,40.01929367021585
109,961.98,0.7608233592126108,0.43564024491759773,39.66056314576536
110,962.31,0.7341086467178222,0.4340758584340711,39.301423172701945
111,962.64,0.7073142935515986,0.43221158304053653,38.94173894708231
112,962.98,0.6795978322114816,0.430570572614213,38.57078152051956
113,963.31,0.652634039778983,0.42903847505075987,38.210465332812916
114,963.63,0.6263509157724693,0.42791374066731597,37.86056749076376
115,963.98,0.5977134582093184,0.4264199371016999,37.47828569825049
116,964.31,0.5708551422195355,0.4244704666689659,37.118244375476145
117,964.63,0.5446576133495297,0.4230408985679842,36.76863017860431
118,964.94,0.5191776644035534,0.4218672550471438,36.42954775699021
119,965.26,0.4940501097503871,0.427820400999107,36.0795271927434
120,965.58,0.4689225550972208,0.4337735469510702,35.72950662849659
121,965.89,0.444580236526966,0.4395406570920345,35.390424206882486
122,966.2,0.4200281641849749,0.4450167793769757,35.05092511348734
123,966.51,0.39539028284642125,0.45050080558066474,34.71101678634365
124,966.83,0.36988270619869673,0.45593370068984845,34.36020526987068
125,967.14,0.3451107115041963,0.4608007841974745,34.020739114299346
126,967.44,0.3212287243960096,0.46583911811054685,33.69209394640794
127,967.75,0.29659554319727166,0.47098518260537736,33.35280523189157
128,968.07,0.27108140469151826,0.4762006569428124,33.00233640402135
129,968.39,0.24560002445349569,0.48148948436799816,32.651894869676994
130,968.7,0.22112480496585674,0.4871902705503194,32.31233056266167
131,969.01,0.19664869795063267,0.49304901692733943,31.972458584177716
132,969.33,0.17153710010945228,0.49935510454199117,31.621812012703174
133,969.64,0.18218636527435797,0.5168597933236532,31.28212314658721
134,969.96,0.1931791551220025,0.5349291494853688,30.93147657511267
135,970.27,0.20382842028690817,0.5524338382670309,30.591787708996705
136,970.58,0.21447768545181384,0.569938527048693,30.25209884288074
137,970.89,0.22512695061671947,0.587443215830355,29.912409976764778
138,971.2,0.2357762157816251,0.604947904612017,39.572721110648814
139,971.53,0.24733122801364635,0.6235062127392581,39.211116833815694
140,971.84,0.25818593647402993,0.6409397749193937,38.87142796769973
141,972.15,0.2690406449344136,0.6583733370995294,38.53173910158377
142,972.51,0.2816461128238913,0.6786187641474288,38.137261708674906
143,972.85,0.29355127694173144,0.6977394452482227,47.76469972648321
144,973.18,0.3030312339043647,0.7169478602689712,47.40309544965009
145,973.51,0.312511190866998,0.7361562752897195,47.04149117281697
146,973.85,0.32009024317064827,0.7529164724664792,56.66892919062527
147,974.18,0.32818697343232567,0.6963278678747908,56.30766410828447
148,974.52,0.3373016655759849,0.6763275415915734,55.934887123054665
149,974.85,0.34680253919122733,0.6571007841300956,55.57313789158327
150,975.19,0.357325361261074,0.6375333140305475,55.20059923814939
151,975.51,0.3674517321963592,0.6191900391510439,54.85000400016252
152,975.83,0.37696918815797287,0.6007329976991725,54.499819092661554
153,976.17,0.3877040146155718,0.5813721401352394,54.12811842017633
154,976.51,0.3977591548142895,0.5618539986280837,53.756697847380295
155,976.85,0.4078409249240292,0.5423346656358412,53.38522404203893
156,977.25,0.4194069904281013,0.5192920378138566,52.94823038136994
157,977.74,0.4323764836419937,0.4907835681835436,52.41316209691582
158,978.13,0.4428731891784276,0.46809875207782764,51.98705346044147
159,978.46,0.4513981622138583,0.4487510738325072,51.626123100559745
160,978.79,0.4597255158099764,0.4292870184149405,51.264778263004004
161,979.11,0.467245165574913,0.4103481790134026,50.91477596370999
162,979.44,0.4662423766018676,0.4307125439537914,50.553836092563046
163,979.77,0.4652395876288223,0.4510769088941801,50.1928962214161
164,980.09,0.4642671862004146,0.4708241718666783,49.84289392212209
165,980.42,0.46326439722736923,0.4911885368070671,49.48195405097514
166,980.74,0.4622919957989617,0.5109357997795653,49.13195175168113
167,981.15,0.4610461064688144,0.5362369804630787,48.68351130571068
168,981.46,0.4619881203525845,0.517106819458471,53.34444657826961
169,981.78,0.4632168968936119,0.49738896336079924,52.99458088405321
170,982.1,0.4651418516672925,0.47763565081411086,52.64428882246427
171,982.41,0.46683125154551736,0.45847062993294313,52.30481669457595
172,982.75,0.4694871911112619,0.4375438425192484,51.93277536899651
173,983.08,0.4717508413797972,0.417162905692732,51.57136652277729
174,983.41,0.47373699371517636,0.3967660494683393,51.20995989916278
175,983.74,0.4754540953491288,0.37631946254172666,50.84832335381293
176,984.06,0.4769617785682371,0.35649331982714105,50.49769617857121
177,984.37,0.4777720028155102,0.33729379262609677,50.158209446014894
178,984.69,0.47820754780383523,0.3174406446491411,49.80759844522841
179,984.99,0.4779815573997191,0.2988019960766372,49.478743360113235
180,985.3,0.4773685786047962,0.2794822067551575,49.13851347699428
181,985.61,0.4764388664966838,0.2601098332226541,48.797901770312606
182,985.91,0.47539997012965846,0.24132219604402377,48.46799472883706
183,986.21,0.4746158833279042,0.22255603612510902,48.1382695484234
184,986.52,0.47418532201235153,0.20318493248133923,47.79772903123063
185,986.82,0.47360591927893897,0.1844411351720383,57.46817369201182
186,987.13,0.47350495953122196,0.16505417861465108,57.12754799475959
187,987.44,0.47340496978606667,0.1457088498427183,56.78718873143435
188,987.74,0.4734005805429839,0.1269524666322946,56.45758507485619
189,988.05,0.4727732585901405,0.10758886267025888,56.117073203988376
190,988.35,0.47177746064448145,0.08883727637170716,55.78740510036657
191,988.66,0.4711881886933386,0.06943084815835374,55.446623527448814
192,988.96,0.4703437337257042,0.05065910631154743,55.116853218182
193,989.25,0.469279772383616,0.03249082585444718,54.79788674898257
194,989.55,0.46887867779696457,0.013620622829482686,54.467539302615066
195,989.84,0.4685076966438651,0.035923677165381494,54.14786486668641
196,990.14,0.4674601831340826,0.05476142235109083,53.81763569221515
197,990.44,0.4657159495154952,0.07355489832263487,53.4875036058912
198,990.74,0.46416071657530816,0.09237187040457284,53.1572810306998
199,991.06,0.46211756303283763,0.11245737531431974,52.80482658291169
200,991.46,0.45988646125210103,0.13754090372024255,52.36451811886576
201,991.92,0.4564588593206521,0.16641065220234003,51.85769104040014
202,992.28,0.4542806345449852,0.18899789953087473,51.461279681193105
203,992.58,0.45290625112807553,0.20780186006763862,51.131190850322206
204,992.9,0.45077971888815527,0.22779746873257967,50.77927886269806
205,993.24,0.43175900766499997,0.21196300049004932,50.40537237584739
206,993.56,0.41385716180791265,0.19705997155590313,50.05346038822324
207,993.89,0.39597063506257635,0.18132281383653065,49.69059624719924
208,994.21,0.37880055964074905,0.16594961641867015,49.33871639379812
209,994.53,0.3611260121536643,0.15090498520695567,48.98685354632024
210,994.83,0.34397672647686256,0.13718764498836783,48.65694427092468
211,995.13,0.3269433436598867,0.12348758100399564,48.32749572876583
212,995.43,0.30987538946576826,0.10981594740354358,47.998066840362505
213,995.74,0.29180383981422164,0.09596913725549278,47.65751113211309
214,996.04,0.274700057031586,0.08221149713769345,47.327562634513896
215,996.33,0.2581853276803775,0.06884390915162177,47.008352994779216
216,996.63,0.24113861071387768,0.05503800680971984,46.67836468496655
217,996.93,0.2237345366692194,0.04155274361786883,46.348687235536474
218,997.25,0.21007325716012484,0.05875114445391185,45.997031289477725
219,997.55,0.1972658076203487,0.07487464523770218,45.667353840047646
220,997.86,0.18403144309591338,0.09153559604761888,45.32668714230323
221,998.16,0.17122399355613724,0.1076590968314092,44.99700969287315
222,998.46,0.15841654401636113,0.12378259761519954,44.66733224344307
223,998.76,0.145609094476585,0.13990609839898988,49.33765479401299
224,999.06,0.13317510093383755,0.15616815917898394,49.00811640293428
225,999.4,0.11885250730833959,0.1744827342644769,48.634724799366836
226,999.71,0.10512717224498251,0.1909223992819701,48.29403817255487
227,1000.02,0.09194105354115673,0.20761837501241334,47.95329702812263
228,1000.32,0.07898882129336188,0.22360757688567728,47.623997810290206
229,1000.62,0.06555342586883116,0.23943646138713953,47.29434495118148
230,1000.92,0.052102323656111886,0.25533469507769946,46.96427707104253
231,1001.58,0.021557616658453838,0.28995029996143334,46.237577931294794
232,1002.01,0.0021947671813883685,0.3128852513197472,45.763470282407646
233,1002.34,0.054291635928492496,0.3305691704959325,45.399275463360524
234,1002.62,0.06633254349793605,0.34578789361707163,45.09042652681485
235,1002.91,0.08232278645532774,0.3319276443909819,44.77054727110683
236,1003.23,0.0999671924772772,0.31663357627943467,54.41757705791177
237,1003.54,0.1176123517912211,0.30223646044172003,54.075874501872114
238,1003.85,0.1349769356747171,0.28762274528691834,53.73404791085574
239,1004.15,0.1519739621219381,0.27357758592833364,53.4030920827652
240,1004.44,0.16843523598443078,0.2599981172150617,53.08305690634807
241,1004.74,0.18563210604163777,0.24613580277552316,52.75231365696315
242,1005.02,0.201587984215629,0.23321624023679416,52.44401590959342
243,1005.3,0.2170628448598542,0.21996348269025065,52.13567888343482
244,1005.59,0.23344682904208128,0.20638590479243585,51.81590192427317
245,1005.88,0.250339708111299,0.19310800356944316,51.49586703685579
246,1006.17,0.2671323031906655,0.17981837599883305,51.1761094751181
247,1006.46,0.2841287514932459,0.16669934394330127,50.85646219424274
248,1006.73,0.3004873615846531,0.1548013041694835,50.55847544621079
249,1007.02,0.31888663260819156,0.14269588620984136,50.23841560573204
250,1007.31,0.33728590363173,0.1305904682501992,49.91835576525328
251,1007.59,0.3550507170337671,0.11890247849606198,49.609332470997934
252,1007.88,0.37344998805730556,0.10679706053641982,49.28927263051918
253,1008.17,0.39184925908084406,0.09469164257677766,48.96921279004042
254,1008.45,0.4096140724828812,0.08300365282264041,48.660189495785076
255,1008.74,0.4280133435064196,0.07089823486299825,58.34012965530632
256,1009.03,0.4460158839244233,0.05840010886937795,58.01980191496215
257,1009.32,0.46363330999853175,0.045566320071390755,57.699337418220715
258,1009.67,0.4847816429904922,0.029981185883393345,57.31253190810899
259,1009.95,0.5015285047701306,0.01748301010672565,57.00353859188915
260,1010.22,0.517360763008761,0.005150431155907767,56.70536508318111
261,1010.5,0.5339156187279331,0.03883788623079911,56.39592771047777
262,1010.78,0.5502625855592008,0.051809376871337375,56.086104691733745
263,1011.07,0.5670862351333061,0.06532579811545759,55.76518771053797
264,1011.38,0.5853137690591558,0.07956901977169668,55.422289144561766
265,1011.69,0.6039183038426281,0.09350974673523635,55.07950648916775
266,1012.01,0.6226040064815764,0.1081824905621234,54.72611600225662
267,1012.29,0.6389676168436517,0.121052223947179,54.41671027953738
268,1012.58,0.6560877852618031,0.13434115844414515,54.0958688309721
269,1012.87,0.6730842400625978,0.14769724616600746,53.77512870349702
270,1013.19,0.6510046152630976,0.15956444030894537,53.421208562834856
271,1013.53,0.6275450139136287,0.1721733340858169,53.045168413381305
272,1013.87,0.6040854125641598,0.18478222786268844,52.66912826392775
273,1014.17,0.5833857643146285,0.1959077223716927,52.337328132056975
274,1014.46,0.5633761043400815,0.2066623670637302,52.01658800458189
275,1014.76,0.5426764560905502,0.2177878615727345,51.68478787271111
276,1015.05,0.5226667961160031,0.22854250626477196,61.36404774523603
277,1015.35,0.5022767228568944,0.24008019362635274,61.03188184397808
278,1015.63,0.48322313630529945,0.2507123469605384,60.72229581378127
279,1015.95,0.4611994485354938,0.2626658034484679,60.368270927613786
280,1016.35,0.43342813050098467,0.2771874135947844,59.92635143100198
281,1016.73,0.4069414859872957,0.2908874684285909,59.50646629688625
282,1017.03,0.3856589405659245,0.30137295804959063,59.174677228061626
283,1017.32,0.3920643220161954,0.28354771409554125,58.85394779486449
284,1017.61,0.39846970346646626,0.2657224701414918,58.53321836166735
285,1017.9,0.4048750849167372,0.24789722618744237,58.212488928470215
286,1018.19,0.41128046636700805,0.23007198223339292,57.89175949527308
287,1018.48,0.4176858478172789,0.2122467382793435,57.57103006207594
288,1018.78,0.42431210448997286,0.19380683074067168,57.239240993251315
289,1019.09,0.43115923638509,0.17475225961737748,56.8963922887992
290,1019.42,0.43794625202667065,0.15432034074788317,56.53111192843796
291,1019.71,0.4436866213184119,0.13639166004092526,56.210529069442494
292,1019.99,0.44948463719351583,0.11916822088975869,55.90124811231994
293,1020.26,0.4553267485653389,0.10259791721081524,55.60294677808986
294,1020.54,0.4611187336832841,0.08543023136540846,55.294018856536034
295,1020.82,0.46728551428079584,0.06827776546525095,54.984730317575014
296,1021.1,0.4730801822894039,0.05103208994047087,54.67531530016699
297,1021.38,0.4786249619560499,0.033755249437354876,54.365993524597926
298,1021.67,0.4843822577640171,0.01587249479235965,54.04567740417868
299,1021.95,0.4906053061309515,-0.0012071646098822692,53.736767798191245
300,1022.23,0.4970221375755724,0.04950893892506143,53.42778122218528
301,1022.5,0.5028660634691985,0.06600972497994873,53.1299077226599
302,1022.78,0.5093432637382287,0.08306469514892864,52.82082242425155
303,1023.06,0.5163131063986782,0.09997032930498345,52.51198013118216
304,1023.35,0.5239244355190924,0.11736302407400201,52.19224730449165
305,1023.65,0.5314881165406412,0.13550802751336571,51.86101355634854
306,1023.96,0.5391843073965655,0.15435306555553838,51.51832636127438
307,1024.26,0.5610140723978267,0.16413789247379515,51.18669359184778
308,1024.55,0.582105826257244,0.17352307608902778,50.86639855584573
309,1024.84,0.602836523749535,0.18332297897631838,50.54619706410246
310,1025.13,0.5952360067672059,0.20079537718511667,50.22599557235919
311,1025.41,0.587897576577371,0.21766527890395637,59.91683551136569
312,1025.7,0.5807344732679849,0.23525710240206013,59.596537419594384
313,1026.0,0.5729075457719275,0.25336742295737835,59.26513184380062
314,1026.29,0.5660472618989296,0.27097299209489706,58.94516561314147
315,1026.57,0.5589441305026767,0.2879279867393145,58.635831333602106
316,1026.85,0.5516713408490841,0.30487761817296727,58.32628297143824
317,1027.14,0.5448249375954362,0.32253410991781284,58.00602250861882
318,1027.41,0.5383151595295093,0.33897501341362984,57.707652630223606
319,1027.69,0.5201494842915388,0.3504079393146123,57.39823201559153
320,1027.97,0.5019838090535684,0.3618408652155947,57.08881140095946
321,1028.26,0.4831693596999562,0.3736821098987551,56.76834005009052
322,1028.54,0.46500368446198587,0.3851150357997376,56.45891943545845
323,1028.8,0.4481355574552991,0.39573132413636414,56.17160029330009
324,1029.08,0.4299698822173286,0.4071642500373466,55.862179678668014
325,1029.36,0.41180420697935827,0.41859717593832907,55.55275906403594
326,1029.64,0.39363853174138785,0.43003010183931156,65.24333844940386
327,1029.91,0.3760292389503267,0.4409638348023388,64.94500028098486
328,1030.19,0.3581484428301248,0.45254555611114977,64.63600358600013
329,1030.47,0.340598379304507,0.4644727292732914,64.3267309682257
330,1030.74,0.3551345780112524,0.47768330329102976,64.02850380108607
331,1031.02,0.37020915444787733,0.4913831578279436,63.71923118331164
332,1031.31,0.38582210861438165,0.5055722928840329,63.39891311490241
333,1031.58,0.40035830732112715,0.5187828669017713,63.100685947762784
334,1031.87,0.4159712614876315,0.5329720019578607,62.780367879353555
335,1032.14,0.430507460194377,0.5461825759755989,62.482140712213926
336,1032.41,0.44504365890112246,0.5593931499933373,62.1839135450743
337,1032.69,0.4601182353377474,0.5730930045302511,71.87464092729986
338,1033.37,0.49671719165750633,0.5398152900134805,71.12355028413339
339,1033.77,0.5182459894926587,0.5202401638271449,80.68173225874135
340,1034.13,0.5423725801515402,0.5063070886621894,80.28409603588851
341,1034.49,0.5664991708104219,0.49237401349723403,79.88645981303567
342,1034.81,0.5879450291738723,0.47998905779505147,79.53300539272203
343,1035.1,0.6073803383157492,0.4687651916899485,79.2126873243128
344,1035.4,0.6274858305314839,0.45715429571915234,78.88132380526876
345,1035.7,0.6475913227472186,0.44554339974835616,83.54996028622473
346,1036.0,0.66763116563752,0.4337729044758046,83.218219167972
347,1036.29,0.6865153355690566,0.42200894646165976,82.89780792225713
348,1036.57,0.7045408270699743,0.4104172261845892,82.58824303351324
349,1036.84,0.7214520433274623,0.39891953263972785,82.2900738384612
350,1037.12,0.7390620937213987,0.38698686297686435,81.98056410822375
351,1037.39,0.7557860108765072,0.37525829595705973,81.68205548355915
352,1037.66,0.7721359644336044,0.36320250073832605,81.3833931037123
353,1037.93,0.7881069404140634,0.3508198413065367,81.08452658080387
354,1038.2,0.7983045595968996,0.33538244797777345,80.78566005789544
355,1038.47,0.8085021787797358,0.3199450546490102,80.48679353498702
356,1038.74,0.8193137014366976,0.30478129911409324,80.18813500599796
357,1039.02,0.8309159479073567,0.28923378535220856,79.8785144343016
358,1039.3,0.8430385752945883,0.27395348679540316,79.56912633677933
359,1039.58,0.8547603317915579,0.25856123044839413,79.26008839595626
360,1039.86,0.8782632955438526,0.2566931211213311,78.95105045513318
361,1040.14,0.9017662592961474,0.25482501179426803,78.64201251431011
362,1040.43,0.9261086146110241,0.25289018427695276,88.32193750417193
363,1040.71,0.9496115783633189,0.25102207494988965,88.01289956334885
364,1041.0,0.9739328225236384,0.24897340066157153,87.69284623352945
365,1041.29,0.9981532500250754,0.2464678300383328,87.3729101055744
366,1041.58,0.9863136758372131,0.26251177061762704,87.05297397761936
367,1041.86,0.9748823628282425,0.2780024718666007,86.74407012993863
368,1042.15,0.9630427886403801,0.2940464124458949,86.42413400198359
369,1042.44,0.9512032144525177,0.3100903530251891,96.10419787402854
370,1042.73,0.9388776112106129,0.3259476577380125,95.78414791169959
371,1043.03,0.9263153241386183,0.34246097664883374,95.45290792631204
372,1043.33,0.914041459393619,0.359074172494234,95.12178931930634
373,1043.66,0.8997406506225102,0.3770886770391847,94.75708969066655
374,1043.98,0.8855574535030973,0.3944969969218225,94.40298915927505
375,1044.28,0.8723470138846356,0.41083815750923014,94.07112126548338
376,1044.58,0.8586888862686877,0.4269850867644417,93.73917704521087
377,1044.87,0.8452208295848591,0.4424986314623777,93.41812166235091
378,1045.16,0.869901539729278,0.4422510198749374,93.09706627949096
379,1045.45,0.8945822498736967,0.4420034082874971,92.776010896631
380,1045.73,0.9184119010476183,0.4417643350306582,92.46602638904209
381,1046.01,0.9422415522215399,0.4415252617738193,92.15604188145316
382,1046.29,0.9660712033954615,0.44128618851698026,91.84605737386424
383,1046.56,0.9890497955988858,0.44105565359074267,91.54714374154635
384,1046.86,1.014581564713802,0.44079950367270093,49.66787374186901
385,1047.15,1.0393348414077752,0.4399953814938093,49.34636923538149
386,1047.45,1.0649745065406058,0.43974051093933353,49.01372523128491
387,1047.74,1.0897711494584474,0.4396067424337805,48.69212089091925
388,1048.04,1.1154620007969192,0.4398262216524431,48.359234002441745
389,1048.33,1.1401962954843154,0.43952341685555735,48.037916196895885
390,1048.62,1.1649352204480707,0.4394296199257631,47.716590464288586
391,1048.93,1.1914039768510418,0.4392378948197323,47.372986279432176
392,1049.22,1.2162214374163445,0.43953961723309726,47.05126944314399
393,1049.51,1.2411233779964514,0.4398733361306625,46.72914367273656
394,1049.8,1.2659412020131597,0.44006296846105764,46.407434559877835
395,1050.09,1.2907020146868704,0.4405489816269851,46.08596458818008
396,1050.37,1.3146760238980995,0.44123402448810556,45.77521390688464
397,1050.66,1.2855689782281403,0.44231896065177895,45.45360983690294
398,1050.94,1.2616347509666654,0.4437546422229925,45.14276674381206
399,1051.23,1.2367708031268558,0.44466800231843545,44.82069935075068
400,1051.52,1.2118807002680485,0.445013105055646,44.49862906788513
401,1051.81,1.2049257529672088,0.4629404216592062,44.17655878501959
402,1052.1,1.197970805666369,0.4808677382627663,43.85448850215404
403,1052.4,1.1907760325965346,0.49941323819748373,43.521312347465546
404,1052.7,1.1841403621059508,0.5181332210559773,43.18778007046165
405,1053.01,1.177078482755158,0.5373732603813575,42.84351518443025
406,1053.35,1.199238760982762,0.5231322547025564,42.465934341686136
407,1053.68,1.2207472663213186,0.5093101021319554,42.09945881784626
408,1054.2,1.2546394565517716,0.48752974050555375,41.52198223482585
409,1054.52,1.275496189001281,0.4741264410431527,41.16661202989021
410,1054.85,1.2970046943398377,0.4603042884725516,50.800136506050336
411,1055.18,1.3186503999030774,0.4464840653138224,50.433168224644554
412,1055.5,1.284747675588582,0.43351379455763217,50.076811100618244
413,1055.8,1.2649258383709434,0.4208433109272821,49.74223509016863
414,1056.09,1.2461603516230606,0.40831390801589873,49.41906115561814
415,1056.38,1.2274569419294763,0.39575495419143597,49.09598354340298
416,1056.67,1.2085346342187318,0.3832784338299521,48.772470080088546
417,1056.99,1.188251654107954,0.3691350402814488,48.41599998524721
418,1057.3,1.1681399393384604,0.3557407954600908,48.07034828924907
419,1057.6,1.1487451485461981,0.34278142980357545,47.736103042736104
420,1057.9,1.1747043859521729,0.3434708888347683,47.40185779622314
421,1058.22,1.2023942391852127,0.344206311801374,47.04532953327598
422,1058.52,1.2283534765911874,0.3448957708325669,46.71108428676302
423,1058.83,1.2551780219106947,0.34560821183146617,46.36569753203296
424,1059.15,1.2828678751437343,0.34634363479807184,46.0091692690858
425,1059.47,1.3105577283767742,0.3470790577646775,55.652641006138644
426,1059.78,1.2970077657582135,0.3644566904007268,55.30725425140859
427,1060.08,1.2838948987079937,0.3812737542420649,64.97300900489562
428,1060.39,1.2706624012499668,0.39882292504095107,64.6274302718474
429,1060.69,1.2704089770417721,0.4183326601260807,64.29299923986527
430,1060.99,1.2701555528335777,0.43784239521121043,63.958568207883125
431,1061.3,1.2698936811517767,0.4580024547991778,63.61298947483491
432,1061.61,1.2696318094699754,0.4781625143871452,63.2674107417867
433,1061.92,1.2693699377881744,0.49832257397511254,62.921832008738484
434,1062.23,1.2691080661063736,0.5184826335630799,62.57625327569027
435,1062.55,1.2682983253515405,0.5392969798687552,62.219451113298156
436,1062.87,1.2674380162871302,0.5601526229686355,61.86237747810407
437,1063.19,1.2657151573280643,0.5808950875003637,61.50583471916767
438,1063.5,1.263871595260892,0.6009286816764299,61.16076647834759
439,1063.84,1.2620927831434943,0.6229739896291616,60.781913879643355
440,1064.16,1.2601469487124706,0.6437151344114617,60.42530871517165
441,1064.49,1.2577407633214155,0.6651156948627117,60.057339934810116
442,1064.8,1.255790696647925,0.6852203686108372,59.71178177664963
443,1065.11,1.2544274736714907,0.7053415633665501,59.36629176195377
444,1065.45,1.2525969775664614,0.7273275353051681,58.987802974883465
445,1065.76,1.251554804073317,0.7474488547977992,58.64238117591402
446,1066.07,1.2501932081433114,0.7012355361242445,58.29724684709999
447,1066.38,1.2491875037460745,0.6811447585283779,57.95202705505993
448,1066.68,1.2476821205102138,0.6617586258706856,57.61818276758023
449,1066.98,1.2462650996296494,0.6423940860905069,57.28450040550975
450,1067.42,1.2434480893997482,0.6139664188761395,56.79470278306457
451,1067.72,1.2411397930985095,0.5946028682869208,56.46071894035581
452,1068.01,1.2389570343907836,0.5759305563234349,56.1381803587548
453,1068.31,1.2368985598008813,0.5566106572206371,55.80457604733702
454,1068.6,1.2350578364807607,0.5378546385970381,55.481635423126136
455,1068.9,1.2336997866349588,0.5183573968359,55.147120122575835
456,1069.26,1.231564138643735,0.49488976883236757,54.74510251269834
457,1069.66,1.2301526323521592,0.4688421164290217,54.29884284496036
458,1069.99,1.2297109176739212,0.4472702771353399,53.93024771149281
459,1070.3,1.2297529076248912,0.4269408882957018,53.583591237884264
460,1070.61,1.229024883375022,0.40660529042704363,53.236848276538296
461,1070.9,1.227902043068049,0.38757617958296925,52.91236539134779
462,1071.2,1.2262440251764741,0.36785387789552815,52.5763292114606
463,1071.49,1.2251196447589479,0.348752911771144,52.251386574624775
464,1071.77,1.223958099769432,0.3302476209783571,51.937229602782374
465,1072.06,1.2233707690381668,0.3109952740256528,51.611404959238165
466,1072.37,1.2224842390033037,0.2903908635098464,51.26291986160413
467,1072.68,1.22167535821034,0.26972240732953184,50.91403654394362
468,1073.02,1.2207017365386306,0.24703468527252953,50.53125542544547
469,1073.38,1.2186918027787577,0.22314002411602782,50.12655021038643
470,1073.75,1.2159012429012046,0.1985627517446645,49.71022558424428
471,1074.07,1.2142021931476175,0.17734321342230636,49.35064222626339
472,1074.39,1.2126176644640205,0.1561245860475959,48.99109653402391
473,1074.68,1.2111423558782755,0.13690159476988661,48.665288376790706
474,1074.97,1.2101830642492297,0.1176820778744649,48.33961993845612
475,1075.27,1.2090837598572326,0.09772795503275812,48.00224178420229
476,1075.59,1.2084719407133386,0.07642814094993926,47.64235768890289
477,1075.89,1.2080142888045626,0.05643148088314838,47.304797410458626
478,1076.2,1.2081995512399653,0.035751418811851655,46.95589379690008
479,1076.51,1.2077270943746115,0.015076141445065985,46.60700436100515
480,1076.8,1.2074480699624308,0.0354815376361175,46.28085058149055
481,1077.1,1.2068125378686967,0.055523619246377554,45.94298218736136
482,1077.4,1.2065286577433092,0.07558554005695284,45.60501586166737
483,1077.7,1.2060858983379612,0.09566881144516612,45.266902553724975
484,1078.0,1.2048280623598264,0.11574529424701166,44.928708488662814
485,1078.29,1.2030018501284763,0.13510317028969565,44.60193098261057
486,1078.59,1.2018884576893412,0.15516000089483964,44.26389326100378
487,1078.88,1.200732153313735,0.17447265867863102,43.937590322216565
488,1079.18,1.200288091081088,0.1944725261526619,43.60001062209877
489,1079.48,1.1993150043913954,0.21444498034452045,43.26253880322712
490,1079.78,1.1988611572181183,0.23446663392006523,42.92481890159475
491,1080.08,1.1978846905092446,0.25440479715093633,42.58756580375272
492,1080.38,1.1977291730593007,0.2742903319615973,42.25073338956018
493,1080.67,1.1982283804417375,0.29357377244833527,41.92471873503685
494,1080.97,1.1981215383311943,0.313589239086162,41.58705591979887
495,1081.26,1.198483899852519,0.33291820516414583,41.260760934269236
496,1081.57,1.1991992066937127,0.3535458158260864,40.91215135600796
497,1081.86,1.199935396531047,0.37280503548580746,40.58626433118056
498,1082.15,1.2010124801410575,0.39203979897383506,40.260475953579586
499,1082.44,1.201987037829249,0.4112778722912581,39.93468607691453
500,1082.74,1.2031843556039543,0.43124376967747385,39.597212355092516
501,1083.04,1.2038588082623431,0.4511859920583391,39.25997827788671
502,1083.33,1.2042015494920073,0.4704076445442641,38.93437132647325
503,1083.64,1.2051124955718728,0.490920395248,38.58646869603564
504,1083.95,1.2060533591523095,0.5114794942053992,38.23826475302233
505,1084.25,1.20699221932308,0.531432593345546,37.90092262335462
506,1084.54,1.207164247097399,0.5507984021131829,37.57440132118749
507,1084.83,1.2081314505114251,0.5701590052147538,37.24782914243332
508,1085.14,1.209008420181372,0.5909117747582696,36.898396499069634
509,1085.54,1.209668366704135,0.6176247241134082,36.447987208838214
510,1085.95,1.2104662879294952,0.6450649294986402,35.985925638723685
511,1086.25,1.2115025430963346,0.665068966483703,35.64824041154616
512,1086.55,1.2121921598008207,0.6850080370236873,35.311024632927435
513,1086.84,1.212176292932262,0.7043493626751618,34.98466274988502
514,1087.14,1.2117412069265951,0.7244067905185756,34.64671542242343
515,1087.43,1.2121259429341014,0.743836636000518,34.319773323767095
516,1087.71,1.212190736070677,0.7062192464514314,34.00453861852929
517,1088.0,1.211545963392736,0.6868371649324161,33.6778773186565
518,1088.53,1.2115245467529108,0.6515348696775265,33.081714988449086
519,1088.81,1.2107965285606115,0.632859567158064,32.766550030012304
520,1089.09,1.2104753142999678,0.6142391560107096,32.451777476302205
521,1089.36,1.2096227997171618,0.5962984234824322,32.14827737109139
522,1089.63,1.2084244582022596,0.5783919900342637,31.844925413254387
523,1089.91,1.2079301286292752,0.5598097113552293,31.530383212898673
524,1090.18,1.2071576362234202,0.5419142491551864,31.227185725529296
525,1090.45,1.2065567333818559,0.5239859925188147,30.923802113900226
526,1090.72,1.2056388077691667,0.5060309264299006,30.620198730383
527,1091.0,1.2050194431952213,0.4873688805278641,30.305132693273503
528,1091.27,1.185002904158009,0.4973020560198701,30.001319014632205
529,1091.55,1.1642450118231227,0.5076031269004688,29.68625297752271
530,1091.83,1.1434871194882361,0.5179041977810676,29.371186940413214
531,1092.14,1.1205051672603261,0.5293089548274448,29.02236382789913
532,1092.43,1.099005921627765,0.5399779210966364,28.69604543232144
533,1092.75,1.0752826161021807,0.5517505735316065,33.33596996133916
534,1093.06,1.0477495030124626,0.5508854131872586,32.98714684882508
535,1093.36,1.0210902733901734,0.5504049628668499,32.64958280628198
536,1093.69,0.9917236448835809,0.5492523846348103,32.277911030943415
537,1093.99,0.9649531890623229,0.5483805493926794,31.939728953903643
538,1094.28,0.9391296754005478,0.5479224240857167,31.613164040699004
539,1094.57,0.9132376484561494,0.5470645916198172,31.286183732215292
540,1094.88,0.8855354817022517,0.5455718157626646,30.936322331316656
541,1095.2,0.8568547831721463,0.5445222120499648,30.57495753118442
542,1095.5,0.8299799616808549,0.5437633839088869,30.236304200577784
543,1095.81,0.8022572837504742,0.5434918338155119,29.88667576918224
544,1096.12,0.7744725036200997,0.5433506656228138,29.536757535429732
545,1096.44,0.745763920693627,0.5434688632836602,29.175420605414793
546,1096.77,0.7162205578982389,0.5441538001475142,28.803025644565015
547,1097.08,0.6883689785210093,0.5443462539195547,28.452784160721208
548,1097.4,0.6596603417984127,0.5441723389221413,28.091444553652256
549,1097.7,0.6328240608316584,0.5434662277220768,27.752988356525094
550,1098.02,0.6042706840951052,0.5422614924605464,27.392181786358012
551,1098.32,0.577408777066186,0.5416380681570879,27.053620111931128
552,1098.63,0.5842446546884538,0.5214509926337529,26.70377304835668
553,1098.93,0.590860020129358,0.5019151130950419,26.365211373929796
554,1099.24,0.5976958977516258,0.4817280375717069,26.01536431035535
555,1099.55,0.6042150031606115,0.46146434120139396,25.66540671451865
556,1099.87,0.6114247601624957,0.44068073145640624,25.304429796416336
557,1100.17,0.6188070670608181,0.42140470553901155,24.96651219696721
558,1100.48,0.6260119661870038,0.40138084645777594,24.6172268835477
559,1100.79,0.6325048750331351,0.3812833125826906,24.2683324935038
560,1101.1,0.6384351196925674,0.36111892131263873,23.919630143451965
561,1101.42,0.6525715639345723,0.37961020209069024,23.559679330495232
562,1101.77,0.6680332998242654,0.39983504044168405,33.165983128823804
563,1102.07,0.6814267164554961,0.417150627838961,32.82830312477731
564,1102.37,0.6583726049219586,0.40706258719447685,32.49062312073081
565,1102.67,0.6356569678494454,0.396563943304954,32.15298488192949
566,1102.97,0.6125642352103812,0.3865387338989682,31.815346643128176
567,1103.28,0.5887017448166815,0.3761793508461162,31.466453796366817
568,1103.63,0.5617602234044399,0.36448327320579943,31.07254251776528
569,1103.97,0.5355884597468338,0.3531213692123489,30.68988584712379
570,1104.3,0.5101864538438632,0.34209363886576455,30.318483784442343
571,1104.62,0.48555420569552804,0.3314000821660464,29.95833632972094
572,1104.92,0.46246147305646385,0.3213748727600606,39.62069809091962
573,1105.23,0.4418826376080941,0.33513722832282766,39.27180524415826
574,1105.53,0.42196763556128464,0.3484556369319571,38.93416700535694
575,1105.82,0.40271646691603546,0.3613300985874489,38.60778337451567
576,1106.11,0.3834652982707863,0.3742045602429407,48.2813997436744
577,1106.42,0.3647431104471084,0.35902407883232146,47.93250689691304
578,1106.74,0.34541698108073127,0.34335390447297265,47.57235944219163
579,1107.05,0.32669479325705336,0.3281734230623534,47.223466595430274
580,1107.35,0.30857654697607473,0.3134826346004639,56.885828356628956
581,1107.64,0.29093476579744537,0.2993903577828769,56.55953705835698
582,1107.93,0.28668003562763666,0.2803252658550124,56.233245760085005
583,1108.23,0.2822785906243863,0.260602756964118,55.89570303773469
584,1108.52,0.27797512079234676,0.24158732467129523,55.569686255237755
585,1108.81,0.3020656991282639,0.24833668407077555,55.24366947274082
